<?xml version="1.0" encoding="UTF-8"?>
<!-- 30초마다 설정 파일의 변경을 확인하고, 파일이 변경되면 다시 로딩 -->
<configuration scan="true" scanPeriod="30 seconds">
    <!-- property name="logHome" value="/home/lime/apache-tomcat-9.0.50" / -->
    <property name="logHome" value="/data/logs/limeIntvTest" />
    <!-- property name="logHome" value="D:\\eGovFrameDev-3.8.0\\workspace\\lime\\target\\logs" / -->

    <contextListener class="ch.qos.logback.classic.jul.LevelChangePropagator">
        <resetJUL>true</resetJUL>
    </contextListener>

    <!-- console 로그 -->
    <appender name="CONSOLE" class="ch.qos.logback.core.ConsoleAppender">
        <filter class="ch.qos.logback.classic.filter.ThresholdFilter">
            <level>INFO</level>
        </filter>
        <encoder class="ch.qos.logback.classic.encoder.PatternLayoutEncoder">
            <!-- <Pattern>%d{yyyy-MM-dd HH:mm:ss} %-5level %40logger{0} - %C - %replace(%msg){'[\r\n]+',
                ''} %n</Pattern> -->
            <Pattern>%d{yyyy-MM-dd HH:mm:ss} %thread %-5level [%logger] - %msg%n</Pattern>
            <charset>UTF-8</charset>
        </encoder>
    </appender>

    <!-- 로그 파일 저장 -->
    <appender name="FILE" class="ch.qos.logback.core.rolling.RollingFileAppender">
        <filter class="ch.qos.logback.classic.filter.ThresholdFilter">
            <level>INFO</level>
        </filter>
        <file>${logHome}/lime.log</file>
        <rollingPolicy class="ch.qos.logback.core.rolling.TimeBasedRollingPolicy">
            <!-- 일별로 로그파일이 생성된다. -->
            <!-- LOCAL -->
            <!-- <fileNamePattern>D:\\logs\\ming-%d{yyyy-MM-dd}.%i.log</fileNamePattern> -->
            <fileNamePattern>${logHome}/%d{yyyyMMdd}/lime.%d{yyyyMMdd}.%i.log</fileNamePattern>
            <!-- 10MB가 넘으면 새로운 로그파일이 생성된다. -->
            <timeBasedFileNamingAndTriggeringPolicy class="ch.qos.logback.core.rolling.SizeAndTimeBasedFNATP">
                <maxFileSize>10MB</maxFileSize>
            </timeBasedFileNamingAndTriggeringPolicy>
            <!-- 50건의 파일만 남기고 지난 로그파일은 삭제 된다. -->
            <maxHistory>50</maxHistory>
            <!-- <totalSizeCap>3GB</totalSizeCap> -->
        </rollingPolicy>
        <encoder class="ch.qos.logback.classic.encoder.PatternLayoutEncoder">
            <Pattern>
                %d{yyyy-MM-dd HH:mm:ss} %thread %-5level [%logger] - %msg%n
            </Pattern>
            <charset>UTF-8</charset>
        </encoder>
    </appender>

    <!-- 에러로그 파일 저장 -->
    <appender name="ERROR" class="ch.qos.logback.core.rolling.RollingFileAppender">
        <filter class="ch.qos.logback.classic.filter.LevelFilter">
            <level>ERROR</level>
            <onMatch>ACCEPT</onMatch>
            <onMismatch>DENY</onMismatch>
        </filter>
        <file>${logHome}/lime-error.log</file>
        <encoder class="ch.qos.logback.classic.encoder.PatternLayoutEncoder">
            <Pattern>
                %d{yyyy-MM-dd HH:mm:ss} %thread %-5level [%logger] - %msg%n
            </Pattern>
            <charset>UTF-8</charset>
        </encoder>
        <rollingPolicy class="ch.qos.logback.core.rolling.TimeBasedRollingPolicy">
            <fileNamePattern>${logHome}/%d{yyyyMMdd}/lime-error.%d{yyyyMMdd}.%i.log</fileNamePattern>
            <!-- 50건의 파일만 남기고 지난 로그파일은 삭제 된다. -->
            <maxHistory>50</maxHistory>
            <!-- <totalSizeCap>3GB</totalSizeCap> -->
        </rollingPolicy>
    </appender>

    <logger name="com.java.lime" additivity="false">
        <level value="INFO" />
        <appender-ref ref="CONSOLE" />
        <appender-ref ref="FILE" />
        <appender-ref ref="ERROR" />
    </logger>

    <logger name="org.springframework" additivity="false">
        <level value="INFO" />
        <appender-ref ref="CONSOLE" />
        <appender-ref ref="FILE" />
        <appender-ref ref="ERROR" />
    </logger>



    <logger name="org.mybatis" additivity="false">
        <level value="INFO" />
        <appender-ref ref="CONSOLE" />
        <appender-ref ref="FILE" />
        <appender-ref ref="ERROR" />
    </logger>

    <root>
        <level value="INFO" />
        <appender-ref ref="CONSOLE" />
        <appender-ref ref="FILE" />
        <appender-ref ref="ERROR" />
    </root>
    <typeAliases></typeAliases>
</configuration>